feature_name,category,total_count,event_count,non_event_count,event_rate,woe,is_rare_bucket,is_missing_bucket,encoded_feature_name
ServiceArea,AIRASH828,32,4,28,0.125,-1.4864686402407292,False,False,ServiceArea_woe
ServiceArea,AIRAUG706,44,1,43,0.022727272727272728,0.0350004992474138,False,False,ServiceArea_woe
ServiceArea,AIRCHA843,71,0,71,0.0,1.630549299520847,False,False,ServiceArea_woe
ServiceArea,AIRCOL803,82,3,79,0.036585365853658534,-0.2093012775741419,False,False,ServiceArea_woe
ServiceArea,AIRGRE864,49,0,49,0.0,1.2628245193955296,False,False,ServiceArea_woe
ServiceArea,AIRHIC828,30,1,29,0.03333333333333333,-0.35337017550145056,False,False,ServiceArea_woe
ServiceArea,AIRJAC910,32,1,31,0.03125,-0.2877728930156372,False,False,ServiceArea_woe
ServiceArea,AIRMYR843,30,2,28,0.06666666666666667,-0.8986819753386104,False,False,ServiceArea_woe
ServiceArea,AIRSAV912,35,1,34,0.02857142857142857,-0.19680111480991047,False,False,ServiceArea_woe
ServiceArea,AIRWIL910,45,0,45,0.0,1.1785641757777898,False,False,ServiceArea_woe
ServiceArea,APCANN443,30,1,29,0.03333333333333333,-0.35337017550145056,False,False,ServiceArea_woe
ServiceArea,APCBAL410,419,12,407,0.028639618138424822,0.15201695763360173,False,False,ServiceArea_woe
ServiceArea,APCFCH703,783,23,760,0.02937420178799489,0.1446803598101739,False,False,ServiceArea_woe
ServiceArea,APCFRD301,44,1,43,0.022727272727272728,0.0350004992474138,False,False,ServiceArea_woe
ServiceArea,APCSIL301,670,19,651,0.028358208955223882,0.1765676002561385,False,False,ServiceArea_woe
ServiceArea,APCSVP443,49,0,49,0.0,1.2628245193955296,False,False,ServiceArea_woe
ServiceArea,APCWAS202,342,10,332,0.029239766081871343,0.12296927219337107,False,False,ServiceArea_woe
ServiceArea,ATLANE678,524,21,503,0.04007633587786259,-0.17876455371406041,False,False,ServiceArea_woe
ServiceArea,ATLATL678,507,12,495,0.023668639053254437,0.347543378722727,False,False,ServiceArea_woe
ServiceArea,ATLCHA423,88,5,83,0.056818181818181816,-0.6121967911206757,False,False,ServiceArea_woe
ServiceArea,ATLCOL706,50,2,48,0.04,-0.3670222646697777,False,False,ServiceArea_woe
ServiceArea,ATLKNO423,113,4,109,0.035398230088495575,-0.14044817825877876,False,False,ServiceArea_woe
ServiceArea,ATLMAC912,69,4,65,0.057971014492753624,-0.654322584874128,False,False,ServiceArea_woe
ServiceArea,ATLMEM901,165,5,160,0.030303030303030304,0.041250519592585105,False,False,ServiceArea_woe
ServiceArea,ATLNOR678,87,3,84,0.034482758620689655,-0.14830676487130007,False,False,ServiceArea_woe
ServiceArea,ATLROS678,73,3,70,0.0410958904109589,-0.32944558941620516,False,False,ServiceArea_woe
ServiceArea,BIRBIR205,111,5,106,0.04504504504504504,-0.36889843782800574,False,False,ServiceArea_woe
ServiceArea,BOSBOS508,124,3,121,0.024193548387096774,0.2148559635461751,False,False,ServiceArea_woe
ServiceArea,BOSBOS617,474,12,462,0.02531645569620253,0.2786225819051641,False,False,ServiceArea_woe
ServiceArea,BOSBOS781,207,6,201,0.028985507246376812,0.10169187374608614,False,False,ServiceArea_woe
ServiceArea,BOSBOS978,193,4,189,0.02072538860103627,0.40801629700714687,False,False,ServiceArea_woe
ServiceArea,BOSFRA508,57,2,55,0.03508771929824561,-0.2322030418608266,False,False,ServiceArea_woe
ServiceArea,BOSMAN603,197,8,189,0.04060913705583756,-0.2279724697128499,False,False,ServiceArea_woe
ServiceArea,BOSNSH603,34,1,33,0.029411764705882353,-0.22621500001620384,False,False,ServiceArea_woe
ServiceArea,BOSPRO401,145,4,141,0.027586206896551724,0.11592698956795816,False,False,ServiceArea_woe
ServiceArea,BOSPTL207,50,1,49,0.02,0.16421223072742006,False,False,ServiceArea_woe
ServiceArea,BOSWOR508,51,0,51,0.0,1.3024336574905755,False,False,ServiceArea_woe
ServiceArea,CHIBLO309,32,2,30,0.0625,-0.8308593789998493,False,False,ServiceArea_woe
ServiceArea,CHICHA217,31,2,29,0.06451612903225806,-0.8641957992674412,False,False,ServiceArea_woe
ServiceArea,CHICHI312,117,4,113,0.03418803418803419,-0.10456989059387684,False,False,ServiceArea_woe
ServiceArea,CHICHI773,441,13,428,0.02947845804988662,0.1253057218543905,False,False,ServiceArea_woe
ServiceArea,CHIDAV319,60,1,59,0.016666666666666666,0.34821587370435947,False,False,ServiceArea_woe
ServiceArea,CHIGRY219,68,2,66,0.029411764705882353,-0.05138411495140688,False,False,ServiceArea_woe
ServiceArea,CHIJOL815,40,1,39,0.025,-0.06145976694014837,False,False,ServiceArea_woe
ServiceArea,CHILAG630,293,9,284,0.030716723549488054,0.06714612422083005,False,False,ServiceArea_woe
ServiceArea,CHILAG708,223,3,220,0.013452914798206279,0.8108393956524724,False,False,ServiceArea_woe
ServiceArea,CHINBK847,472,18,454,0.038135593220338986,-0.13086814920580572,False,False,ServiceArea_woe
ServiceArea,CHIPEO309,64,2,62,0.03125,-0.11341950587085939,False,False,ServiceArea_woe
ServiceArea,CHIRCK815,90,4,86,0.044444444444444446,-0.37622831357750064,False,False,ServiceArea_woe
ServiceArea,DALDAL214,1498,52,1446,0.03471295060080107,-0.016206375920448404,False,False,ServiceArea_woe
ServiceArea,DALDTN940,48,1,47,0.020833333333333332,0.12296927219337107,False,False,ServiceArea_woe
ServiceArea,DALFTW817,782,32,750,0.04092071611253197,-0.19279576900123546,False,False,ServiceArea_woe
ServiceArea,DENBOU303,89,1,88,0.011235955056179775,0.7452421131666593,False,False,ServiceArea_woe
ServiceArea,DENCOL719,161,0,161,0.0,2.445356992483596,False,False,ServiceArea_woe
ServiceArea,DENDEN303,359,9,350,0.025069637883008356,0.2757735771290894,False,False,ServiceArea_woe
ServiceArea,DENGLD303,76,4,72,0.05263157894736842,-0.5527861656547051,False,False,ServiceArea_woe
ServiceArea,DETANN734,141,5,136,0.03546099290780142,-0.12071880835247097,False,False,ServiceArea_woe
ServiceArea,DETDET313,368,15,353,0.04076086956521739,-0.2052518693276337,False,False,ServiceArea_woe
ServiceArea,DETFLI810,62,2,60,0.03225806451612903,-0.14594269757641948,False,False,ServiceArea_woe
ServiceArea,DETKAL616,43,1,42,0.023255813953488372,0.011743637083146496,False,False,ServiceArea_woe
ServiceArea,DETLAN517,32,2,30,0.0625,-0.8308593789998493,False,False,ServiceArea_woe
ServiceArea,DETMON734,33,0,33,0.0,0.8723972886519058,False,False,ServiceArea_woe
ServiceArea,DETPON248,312,10,302,0.03205128205128205,0.02841068956835832,False,False,ServiceArea_woe
ServiceArea,DETROS810,200,8,192,0.04,-0.21226534050749207,False,False,ServiceArea_woe
ServiceArea,DETSOU248,39,0,39,0.0,1.0371525217279611,False,False,ServiceArea_woe
ServiceArea,DETTOL419,124,2,122,0.016129032258064516,0.5595249673715663,False,False,ServiceArea_woe
ServiceArea,DETWYN734,129,2,127,0.015503875968992248,0.5995303019852656,False,False,ServiceArea_woe
ServiceArea,FLNBRD941,35,1,34,0.02857142857142857,-0.19680111480991047,False,False,ServiceArea_woe
ServiceArea,FLNCLR813,217,3,214,0.013824884792626729,0.7832514391336435,False,False,ServiceArea_woe
ServiceArea,FLNCOC407,84,4,80,0.047619047619047616,-0.4481155430908165,False,False,ServiceArea_woe
ServiceArea,FLNDAY904,50,2,48,0.04,-0.3670222646697777,False,False,ServiceArea_woe
ServiceArea,FLNGAN352,74,1,73,0.013513513513513514,0.5595249673715665,False,False,ServiceArea_woe
ServiceArea,FLNJAC904,205,7,198,0.03414634146341464,-0.05640925115407994,False,False,ServiceArea_woe
ServiceArea,FLNKIS407,68,3,65,0.04411764705882353,-0.4030081565932219,False,False,ServiceArea_woe
ServiceArea,FLNLAK941,32,2,30,0.0625,-0.8308593789998493,False,False,ServiceArea_woe
ServiceArea,FLNLEE352,65,1,64,0.015384615384615385,0.42890478495450235,False,False,ServiceArea_woe
ServiceArea,FLNNPR813,30,1,29,0.03333333333333333,-0.35337017550145056,False,False,ServiceArea_woe
ServiceArea,FLNOCA352,74,1,73,0.013513513513513514,0.5595249673715665,False,False,ServiceArea_woe
ServiceArea,FLNORL407,266,7,259,0.02631578947368421,0.21155835132461828,False,False,ServiceArea_woe
ServiceArea,FLNSAN407,37,2,35,0.05405405405405406,-0.6790533661318451,False,False,ServiceArea_woe
ServiceArea,FLNSAR941,79,4,75,0.05063291139240506,-0.5122400712603553,False,False,ServiceArea_woe
ServiceArea,FLNTAL850,116,4,112,0.034482758620689655,-0.11341950587085926,False,False,ServiceArea_woe
ServiceArea,FLNTAM813,207,3,204,0.014492753623188406,0.7355096762484283,False,False,ServiceArea_woe
ServiceArea,FLNWNP407,95,5,90,0.05263157894736842,-0.5316935722716051,False,False,ServiceArea_woe
ServiceArea,HARBRI203,93,4,89,0.043010752688172046,-0.3421341022345245,False,False,ServiceArea_woe
ServiceArea,HARHAR860,303,11,292,0.036303630363036306,-0.09617769943635346,False,False,ServiceArea_woe
ServiceArea,HARLON860,49,0,49,0.0,1.2628245193955296,False,False,ServiceArea_woe
ServiceArea,HARNEW203,178,6,172,0.033707865168539325,-0.05370027116923717,False,False,ServiceArea_woe
ServiceArea,HARNOR203,177,6,171,0.03389830508474576,-0.05951424103465702,False,False,ServiceArea_woe
ServiceArea,HARSPR413,88,0,88,0.0,1.843854401834769,False,False,ServiceArea_woe
ServiceArea,HARWAT203,47,0,47,0.0,1.2215815608614806,False,False,ServiceArea_woe
ServiceArea,HOUBRN409,64,2,62,0.03125,-0.11341950587085939,False,False,ServiceArea_woe
ServiceArea,HOUCON409,37,1,36,0.02702702702702703,-0.14044817825877876,False,False,ServiceArea_woe
ServiceArea,HOUHOU281,1510,57,1453,0.03774834437086093,-0.10235055854343443,False,False,ServiceArea_woe
ServiceArea,HOUSPR832,75,2,73,0.02666666666666667,0.04869934360557573,False,False,ServiceArea_woe
ServiceArea,HWIHON808,237,6,231,0.02531645569620253,0.24048236588563712,False,False,ServiceArea_woe
ServiceArea,INDIND317,420,13,407,0.030952380952380953,0.07505591649747355,False,False,ServiceArea_woe
ServiceArea,INHFTW219,46,1,45,0.021739130434782608,0.07995188710968021,False,False,ServiceArea_woe
ServiceArea,KCYKCK913,342,6,336,0.017543859649122806,0.6145006414441309,False,False,ServiceArea_woe
ServiceArea,KCYKCM816,396,10,386,0.025252525252525252,0.27346128012493887,False,False,ServiceArea_woe
ServiceArea,KCYLAW913,35,1,34,0.02857142857142857,-0.19680111480991047,False,False,ServiceArea_woe
ServiceArea,KCYTOP913,44,2,42,0.045454545454545456,-0.49908198668284415,False,False,ServiceArea_woe
ServiceArea,KCYWIC316,148,4,144,0.02702702702702703,0.13690678003715273,False,False,ServiceArea_woe
ServiceArea,LAUJAC601,40,1,39,0.025,-0.06145976694014837,False,False,ServiceArea_woe
ServiceArea,LAXALA562,93,3,90,0.03225806451612903,-0.07970844852854775,False,False,ServiceArea_woe
ServiceArea,LAXALB626,71,2,69,0.028169014084507043,-0.00725931004246892,False,False,ServiceArea_woe
ServiceArea,LAXANA714,403,7,396,0.017369727047146403,0.6354776897935775,False,False,ServiceArea_woe
ServiceArea,LAXBEV310,109,1,108,0.009174311926605505,0.9489897341332897,False,False,ServiceArea_woe
ServiceArea,LAXBUR818,126,4,122,0.031746031746031744,-0.028261697530552625,False,False,ServiceArea_woe
ServiceArea,LAXCDG310,242,8,234,0.03305785123966942,-0.014905906348996826,False,False,ServiceArea_woe
ServiceArea,LAXCOR909,78,4,74,0.05128205128205128,-0.5255736021298203,False,False,ServiceArea_woe
ServiceArea,LAXCOV626,97,2,95,0.020618556701030927,0.31054018487346924,False,False,ServiceArea_woe
ServiceArea,LAXCUL310,56,3,53,0.05357142857142857,-0.6053766453324673,False,False,ServiceArea_woe
ServiceArea,LAXDOW562,183,0,183,0.0,2.57306651731551,False,False,ServiceArea_woe
ServiceArea,LAXIRV949,140,5,135,0.03571428571428571,-0.12807178265772995,False,False,ServiceArea_woe
ServiceArea,LAXLAG949,93,1,92,0.010752688172043012,0.7894482056711548,False,False,ServiceArea_woe
ServiceArea,LAXLAX213,164,9,155,0.054878048780487805,-0.5369413977262666,False,False,ServiceArea_woe
ServiceArea,LAXLAX323,111,2,109,0.018018018018018018,0.44733848664334014,False,False,ServiceArea_woe
ServiceArea,LAXMON323,164,7,157,0.042682926829268296,-0.28777289301563735,False,False,ServiceArea_woe
ServiceArea,LAXOAK805,39,1,38,0.02564102564102564,-0.08710219755348605,False,False,ServiceArea_woe
ServiceArea,LAXONT909,177,7,170,0.03954802259887006,-0.2084630545577536,False,False,ServiceArea_woe
ServiceArea,LAXPAS626,76,0,76,0.0,1.6981425906533751,False,False,ServiceArea_woe
ServiceArea,LAXRIV909,184,13,171,0.07065217391304347,-0.7904017495774494,False,False,ServiceArea_woe
ServiceArea,LAXSAN714,228,3,225,0.013157894736842105,0.833261859708305,False,False,ServiceArea_woe
ServiceArea,LAXSBN909,94,3,91,0.031914893617021274,-0.06871932695295256,False,False,ServiceArea_woe
ServiceArea,LAXSFN818,51,2,49,0.0392156862745098,-0.34661339303857075,False,False,ServiceArea_woe
ServiceArea,LAXSMN310,103,5,98,0.04854368932038835,-0.4469868747994423,False,False,ServiceArea_woe
ServiceArea,LAXVNY818,186,9,177,0.04838709677419355,-0.404616520430085,False,False,ServiceArea_woe
ServiceArea,LOUFRK502,31,0,31,0.0,0.8108393956524724,False,False,ServiceArea_woe
ServiceArea,LOULEX606,100,7,93,0.07,-0.8092369149866838,False,False,ServiceArea_woe
ServiceArea,LOULOU502,226,5,221,0.022123893805309734,0.36337916650770474,False,False,ServiceArea_woe
ServiceArea,LOUNAL812,58,2,56,0.034482758620689655,-0.21434542446082,False,False,ServiceArea_woe
ServiceArea,MIADEL561,137,5,132,0.0364963503649635,-0.15046077755120854,False,False,ServiceArea_woe
ServiceArea,MIADFD954,117,5,112,0.042735042735042736,-0.31409020133301063,False,False,ServiceArea_woe
ServiceArea,MIAFTL954,251,9,242,0.035856573705179286,-0.09258541896801759,False,False,ServiceArea_woe
ServiceArea,MIAFTM941,146,8,138,0.0547945205479452,-0.5414911686079378,False,False,ServiceArea_woe
ServiceArea,MIAHWD954,120,5,115,0.041666666666666664,-0.2877728930156372,False,False,ServiceArea_woe
ServiceArea,MIAMIA305,471,20,451,0.04246284501061571,-0.24014484402638273,False,False,ServiceArea_woe
ServiceArea,MIANAP941,72,2,70,0.027777777777777776,0.007026647205007849,False,False,ServiceArea_woe
ServiceArea,MIANDA305,223,12,211,0.053811659192825115,-0.503798976560983,False,False,ServiceArea_woe
ServiceArea,MIAPOR941,31,0,31,0.0,0.8108393956524724,False,False,ServiceArea_woe
ServiceArea,MIAPSL561,71,4,67,0.056338028169014086,-0.62424512963685,False,False,ServiceArea_woe
ServiceArea,MIAWPB561,156,8,148,0.05128205128205128,-0.47177653599257663,False,False,ServiceArea_woe
ServiceArea,MILMAD608,70,3,67,0.04285714285714286,-0.3729307013559439,False,False,ServiceArea_woe
ServiceArea,MILMIL414,357,12,345,0.03361344537815126,-0.013031331839591098,False,False,ServiceArea_woe
ServiceArea,MILWAU262,69,2,67,0.028985507246376812,-0.03645846473473106,False,False,ServiceArea_woe
ServiceArea,MINCOR763,31,0,31,0.0,0.8108393956524724,False,False,ServiceArea_woe
ServiceArea,MINMIN612,481,8,473,0.016632016632016633,0.6877904183908019,False,False,ServiceArea_woe
ServiceArea,MINSTP612,244,14,230,0.05737704918032787,-0.5661931177288857,False,False,ServiceArea_woe
ServiceArea,NCRCHA704,201,5,196,0.024875621890547265,0.24361900833183045,False,False,ServiceArea_woe
ServiceArea,NCRCRY919,77,1,76,0.012987012987012988,0.5995303019852656,False,False,ServiceArea_woe
ServiceArea,NCRDUR919,103,1,102,0.009708737864077669,0.8921023597312384,False,False,ServiceArea_woe
ServiceArea,NCRFAY910,132,8,124,0.06060606060606061,-0.6480557783305686,False,False,ServiceArea_woe
ServiceArea,NCRGRB757,117,5,112,0.042735042735042736,-0.31409020133301063,False,False,ServiceArea_woe
ServiceArea,NCRGRE336,113,5,108,0.04424778761061947,-0.3502932499969713,False,False,ServiceArea_woe
ServiceArea,NCRNWN757,129,5,124,0.03875968992248062,-0.2127377070727231,False,False,ServiceArea_woe
ServiceArea,NCRPOR757,60,1,59,0.016666666666666666,0.34821587370435947,False,False,ServiceArea_woe
ServiceArea,NCRPTR804,34,1,33,0.029411764705882353,-0.22621500001620384,False,False,ServiceArea_woe
ServiceArea,NCRRAL919,149,5,144,0.03355704697986577,-0.06376391542499868,False,False,ServiceArea_woe
ServiceArea,NCRRIC804,218,9,209,0.04128440366972477,-0.23886338998336304,False,False,ServiceArea_woe
ServiceArea,NCRVIR757,137,1,136,0.0072992700729927005,1.17856417577779,False,False,ServiceArea_woe
ServiceArea,NCRWIN336,58,3,55,0.05172413793103448,-0.5686752784820395,False,False,ServiceArea_woe
ServiceArea,NCRWLM757,40,1,39,0.025,-0.06145976694014837,False,False,ServiceArea_woe
ServiceArea,NEVCHU619,115,4,111,0.034782608695652174,-0.12234813661516078,False,False,ServiceArea_woe
ServiceArea,NEVCOR619,48,5,43,0.10416666666666667,-1.264282484882847,False,False,ServiceArea_woe
ServiceArea,NEVELC619,86,2,84,0.023255813953488372,0.18816547174991277,False,False,ServiceArea_woe
ServiceArea,NEVENC760,97,4,93,0.041237113402061855,-0.29841129122069293,False,False,ServiceArea_woe
ServiceArea,NEVESC760,40,2,38,0.05,-0.5979278213194767,False,False,ServiceArea_woe
ServiceArea,NEVLMS619,123,3,120,0.024390243902439025,0.20659145369628162,False,False,ServiceArea_woe
ServiceArea,NEVLVS702,479,17,462,0.03549060542797495,-0.05784965471604882,False,False,ServiceArea_woe
ServiceArea,NEVOCN760,75,2,73,0.02666666666666667,0.04869934360557573,False,False,ServiceArea_woe
ServiceArea,NEVPOW619,137,2,135,0.014598540145985401,0.6603855777065404,False,False,ServiceArea_woe
ServiceArea,NEVSDG619,357,13,344,0.036414565826330535,-0.09289092572973065,False,False,ServiceArea_woe
ServiceArea,NMXABI915,33,2,31,0.06060606060606061,-0.7985985167816279,False,False,ServiceArea_woe
ServiceArea,NMXALB505,126,5,121,0.03968253968253968,-0.23712916019688232,False,False,ServiceArea_woe
ServiceArea,NMXAMA806,61,2,59,0.03278688524590164,-0.16260975006163123,False,False,ServiceArea_woe
ServiceArea,NMXELP915,178,4,174,0.02247191011235955,0.3255520141271477,False,False,ServiceArea_woe
ServiceArea,NMXLAR956,60,4,56,0.06666666666666667,-0.8021320893629389,False,False,ServiceArea_woe
ServiceArea,NMXLUB806,95,4,91,0.042105263157894736,-0.3200337552338585,False,False,ServiceArea_woe
ServiceArea,NMXSAN915,34,1,33,0.029411764705882353,-0.22621500001620384,False,False,ServiceArea_woe
ServiceArea,NMXTER915,60,0,60,0.0,1.4634952148576807,False,False,ServiceArea_woe
ServiceArea,NNYALB518,143,6,137,0.04195804195804196,-0.28047359053402576,False,False,ServiceArea_woe
ServiceArea,NNYBUF716,273,6,267,0.02197802197802198,0.3850220586954096,False,False,ServiceArea_woe
ServiceArea,NNYROC716,180,3,177,0.016666666666666666,0.5939123096810424,False,False,ServiceArea_woe
ServiceArea,NNYSYR315,79,0,79,0.0,1.7366088714811714,False,False,ServiceArea_woe
ServiceArea,NOLKEN504,360,6,354,0.016666666666666666,0.6666108383315306,False,False,ServiceArea_woe
ServiceArea,NSHNSH615,383,5,378,0.013054830287206266,0.899172649900018,False,False,ServiceArea_woe
ServiceArea,NYCBRO917,1684,72,1612,0.04275534441805225,-0.23034084392976176,False,False,ServiceArea_woe
ServiceArea,NYCCIT914,42,1,41,0.023809523809523808,-0.012067011610571967,False,False,ServiceArea_woe
ServiceArea,NYCETT732,37,1,36,0.02702702702702703,-0.14044817825877876,False,False,ServiceArea_woe
ServiceArea,NYCMAN917,1182,46,1136,0.038917089678511,-0.1360390000397728,False,False,ServiceArea_woe
ServiceArea,NYCMTK914,33,0,33,0.0,0.8723972886519058,False,False,ServiceArea_woe
ServiceArea,NYCNAS516,399,10,389,0.02506265664160401,0.28119327740826516,False,False,ServiceArea_woe
ServiceArea,NYCNEW201,410,10,400,0.024390243902439025,0.30904317860587616,False,False,ServiceArea_woe
ServiceArea,NYCNEW732,187,5,182,0.026737967914438502,0.16970675004506058,False,False,ServiceArea_woe
ServiceArea,NYCNEW908,93,5,88,0.053763440860215055,-0.5540408709636018,False,False,ServiceArea_woe
ServiceArea,NYCNEW973,277,13,264,0.04693140794223827,-0.3571437648850898,False,False,ServiceArea_woe
ServiceArea,NYCPAS973,40,0,40,0.0,1.0621538239333785,False,False,ServiceArea_woe
ServiceArea,NYCPLA908,30,1,29,0.03333333333333333,-0.35337017550145056,False,False,ServiceArea_woe
ServiceArea,NYCQUE917,533,14,519,0.02626641651031895,0.24642283037369325,False,False,ServiceArea_woe
ServiceArea,NYCSUF516,332,11,321,0.03313253012048193,-0.001644822430590571,False,False,ServiceArea_woe
ServiceArea,NYCTMR732,48,1,47,0.020833333333333332,0.12296927219337107,False,False,ServiceArea_woe
ServiceArea,NYCWHI914,266,11,255,0.041353383458646614,-0.2314199564645055,False,False,ServiceArea_woe
ServiceArea,OHHCHI740,45,0,45,0.0,1.1785641757777898,False,False,ServiceArea_woe
ServiceArea,OHIAKR330,105,1,104,0.009523809523809525,0.9114266325576411,False,False,ServiceArea_woe
ServiceArea,OHIBER440,54,1,53,0.018518518518518517,0.24192121505473624,False,False,ServiceArea_woe
ServiceArea,OHICAN330,78,3,75,0.038461538461538464,-0.2609256429794492,False,False,ServiceArea_woe
ServiceArea,OHICIN513,250,8,242,0.032,0.018640216142206747,False,False,ServiceArea_woe
ServiceArea,OHICLE216,167,7,160,0.041916167664670656,-0.2689044087112545,False,False,ServiceArea_woe
ServiceArea,OHICOL614,486,14,472,0.02880658436213992,0.15159376676820854,False,False,ServiceArea_woe
ServiceArea,OHICOV606,60,3,57,0.05,-0.5332733514311234,False,False,ServiceArea_woe
ServiceArea,OHIDAY937,117,5,112,0.042735042735042736,-0.31409020133301063,False,False,ServiceArea_woe
ServiceArea,OHILAN740,30,1,29,0.03333333333333333,-0.35337017550145056,False,False,ServiceArea_woe
ServiceArea,OHIWAR330,51,1,50,0.0196078431372549,0.1842128974340896,False,False,ServiceArea_woe
ServiceArea,OHIYNG330,63,1,62,0.015873015873015872,0.3974061178951313,False,False,ServiceArea_woe
ServiceArea,OKCLRK501,79,1,78,0.012658227848101266,0.6253381859411381,False,False,ServiceArea_woe
ServiceArea,OKCOKC405,174,5,169,0.028735632183908046,0.0958095038430194,False,False,ServiceArea_woe
ServiceArea,OKCTUL918,116,6,110,0.05172413793103448,-0.49908198668284415,False,False,ServiceArea_woe
ServiceArea,OKCWIC940,45,2,43,0.044444444444444446,-0.47582512451857684,False,False,ServiceArea_woe
ServiceArea,OMACDR319,39,0,39,0.0,1.0371525217279611,False,False,ServiceArea_woe
ServiceArea,OMADES515,115,2,113,0.017391304347826087,0.48321677430824206,False,False,ServiceArea_woe
ServiceArea,OMAIWC319,40,1,39,0.025,-0.06145976694014837,False,False,ServiceArea_woe
ServiceArea,OMALNC402,54,2,52,0.037037037037037035,-0.28777289301563735,False,False,ServiceArea_woe
ServiceArea,OMAOMA402,232,9,223,0.03879310344827586,-0.17417571529193185,False,False,ServiceArea_woe
ServiceArea,PHIARD610,153,4,149,0.026143790849673203,0.17092366531540687,False,False,ServiceArea_woe
ServiceArea,PHIAVD610,40,4,36,0.1,-1.2390604669268883,False,False,ServiceArea_woe
ServiceArea,PHICHC215,85,4,81,0.047058823529411764,-0.43576970726851716,False,False,ServiceArea_woe
ServiceArea,PHICTR610,45,2,43,0.044444444444444446,-0.47582512451857684,False,False,ServiceArea_woe
ServiceArea,PHIJEN215,60,2,58,0.03333333333333333,-0.17955930837540438,False,False,ServiceArea_woe
ServiceArea,PHIMER609,139,7,132,0.050359712230215826,-0.4606157058550482,False,False,ServiceArea_woe
ServiceArea,PHIMUL609,43,1,42,0.023255813953488372,0.011743637083146496,False,False,ServiceArea_woe
ServiceArea,PHIPHI215,373,19,354,0.05093833780160858,-0.43200145033657905,False,False,ServiceArea_woe
ServiceArea,PHIPLS609,30,1,29,0.03333333333333333,-0.35337017550145056,False,False,ServiceArea_woe
ServiceArea,PHITRT609,72,1,71,0.013888888888888888,0.5319370108527375,False,False,ServiceArea_woe
ServiceArea,PHIWIL302,108,1,107,0.009259259259259259,0.9397304087204928,False,False,ServiceArea_woe
ServiceArea,PHXGLE623,54,1,53,0.018518518518518517,0.24192121505473624,False,False,ServiceArea_woe
ServiceArea,PHXPHX602,512,17,495,0.033203125,0.011071142101514074,False,False,ServiceArea_woe
ServiceArea,PHXSCO480,55,1,54,0.01818181818181818,0.2604402628219738,False,False,ServiceArea_woe
ServiceArea,PHXTUC520,155,7,148,0.04516129032258064,-0.34661339303857075,False,False,ServiceArea_woe
ServiceArea,PITHOM412,180,4,176,0.022222222222222223,0.33694814885801716,False,False,ServiceArea_woe
ServiceArea,SANAUS512,612,18,594,0.029411764705882353,0.13765465330749704,False,False,ServiceArea_woe
ServiceArea,SANCRP512,213,7,206,0.03286384976525822,-0.016897938880237745,False,False,ServiceArea_woe
ServiceArea,SANGEO512,73,3,70,0.0410958904109589,-0.32944558941620516,False,False,ServiceArea_woe
ServiceArea,SANKIL254,38,2,36,0.05263157894736842,-0.6512738020247696,False,False,ServiceArea_woe
ServiceArea,SANMCA210,452,7,445,0.015486725663716814,0.7519988956295388,False,False,ServiceArea_woe
ServiceArea,SANSAN210,724,22,702,0.03038674033149171,0.10883476125846608,False,False,ServiceArea_woe
ServiceArea,SANSMC512,44,5,39,0.11363636363636363,-1.3607427510704093,False,False,ServiceArea_woe
ServiceArea,SEAABN253,41,2,39,0.04878048780487805,-0.572285390706139,False,False,ServiceArea_woe
ServiceArea,SEABEA503,47,0,47,0.0,1.2215815608614806,False,False,ServiceArea_woe
ServiceArea,SEABLV425,116,8,108,0.06896551724137931,-0.7856113212548167,False,False,ServiceArea_woe
ServiceArea,SEAEVE425,74,3,71,0.04054054054054054,-0.3153608495344662,False,False,ServiceArea_woe
ServiceArea,SEAPOR503,167,3,164,0.017964071856287425,0.5178522709709984,False,False,ServiceArea_woe
ServiceArea,SEASEA206,325,5,320,0.015384615384615385,0.7328388533832393,False,False,ServiceArea_woe
ServiceArea,SEASPO509,65,2,63,0.03076923076923077,-0.09754615671456934,False,False,ServiceArea_woe
ServiceArea,SEATAC253,101,4,97,0.039603960396039604,-0.25652034951153285,False,False,ServiceArea_woe
ServiceArea,SFROAK510,605,24,581,0.03966942148760331,-0.16535747633102238,False,False,ServiceArea_woe
ServiceArea,SFROAK925,200,5,195,0.025,0.238516956447935,False,False,ServiceArea_woe
ServiceArea,SFRPAL650,112,6,106,0.05357142857142857,-0.535952522491172,False,False,ServiceArea_woe
ServiceArea,SFRSAC916,157,5,152,0.03184713375796178,-0.009878826930019229,False,False,ServiceArea_woe
ServiceArea,SFRSCL408,508,26,482,0.051181102362204724,-0.43045914295219634,False,False,ServiceArea_woe
ServiceArea,SFRSFR415,565,16,549,0.02831858407079646,0.17335306219808078,False,False,ServiceArea_woe
ServiceArea,SFRSFS650,64,3,61,0.046875,-0.4660211244219559,False,False,ServiceArea_woe
ServiceArea,SFRSMO650,223,5,218,0.02242152466367713,0.34974259155815923,False,False,ServiceArea_woe
ServiceArea,SFRSRO707,160,5,155,0.03125,0.00960230864180332,False,False,ServiceArea_woe
ServiceArea,SHEMAR304,34,2,32,0.058823529411764705,-0.7673459732775236,False,False,ServiceArea_woe
ServiceArea,SLCPRO801,42,4,38,0.09523809523809523,-1.1857144862215958,False,False,ServiceArea_woe
ServiceArea,SLCSLC801,90,2,88,0.022222222222222223,0.23441648940066853,False,False,ServiceArea_woe
ServiceArea,STLCHA636,30,3,27,0.1,-1.2708722945619024,False,False,ServiceArea_woe
ServiceArea,STLCMB573,63,2,61,0.031746031746031744,-0.12954888780074306,False,False,ServiceArea_woe
ServiceArea,STLCOL618,186,7,179,0.03763440860215054,-0.15702314335299153,False,False,ServiceArea_woe
ServiceArea,STLJEF573,31,0,31,0.0,0.8108393956524724,False,False,ServiceArea_woe
ServiceArea,STLSTL314,497,13,484,0.026156941649899398,0.24813241514737694,False,False,ServiceArea_woe
ServiceArea,__RARE__,3775,104,3671,0.027549668874172185,0.22687317474773927,True,False,ServiceArea_woe
ChildrenInHH,No,38679,1238,37441,0.03200703223971664,-0.00034428042820248744,False,False,ChildrenInHH_woe
ChildrenInHH,Yes,12368,395,11973,0.0319372574385511,0.0010773408749280198,False,False,ChildrenInHH_woe
HandsetRefurbished,No,43956,1403,42553,0.031918281918281916,0.002569965595606472,False,False,HandsetRefurbished_woe
HandsetRefurbished,Yes,7091,230,6861,0.03243548159638979,-0.01579253211735128,False,False,HandsetRefurbished_woe
HandsetWebCapable,No,5001,154,4847,0.03079384123175365,0.03680126538867062,False,False,HandsetWebCapable_woe
HandsetWebCapable,Yes,46046,1479,44567,0.032120053859184296,-0.003922324404583882,False,False,HandsetWebCapable_woe
TruckOwner,No,41524,1324,40200,0.03188517483864753,0.0036213782382483713,False,False,TruckOwner_woe
TruckOwner,Yes,9523,309,9214,0.032447758059435054,-0.015647508242895014,False,False,TruckOwner_woe
RVOwner,No,46894,1504,45390,0.032072333347549796,-0.002380810428384509,False,False,RVOwner_woe
RVOwner,Yes,4153,129,4024,0.03106188297616181,0.027252052003859915,False,False,RVOwner_woe
Homeownership,Known,33987,1093,32894,0.03215935504751817,-0.005301115980980609,False,False,Homeownership_woe
Homeownership,Unknown,17060,540,16520,0.031652989449003514,0.01063965049117913,False,False,Homeownership_woe
BuysViaMailOrder,No,32596,1035,31561,0.03175236225303718,0.007830596121501618,False,False,BuysViaMailOrder_woe
BuysViaMailOrder,Yes,18451,598,17853,0.0324101674705978,-0.0136947039700692,False,False,BuysViaMailOrder_woe
RespondsToMailOffers,No,31821,1011,30810,0.031771471669652114,0.00719813795813796,False,False,RespondsToMailOffers_woe
RespondsToMailOffers,Yes,19226,622,18604,0.03235202330177884,-0.011807887805704817,False,False,RespondsToMailOffers_woe
OptOutMailings,No,50295,1612,48683,0.03205089969181827,-0.0016686314332385252,False,False,OptOutMailings_woe
OptOutMailings,Yes,752,21,731,0.027925531914893616,0.11782125993622598,False,False,OptOutMailings_woe
NonUSTravel,No,48168,1528,46640,0.03172230526490616,0.008959374657349339,False,False,NonUSTravel_woe
NonUSTravel,Yes,2879,105,2774,0.03647099687391455,-0.1397081485405014,False,False,NonUSTravel_woe
OwnsComputer,No,41583,1305,40278,0.03138301709833345,0.020008693284851126,False,False,OwnsComputer_woe
OwnsComputer,Yes,9464,328,9136,0.034657650042265425,-0.08372720437035219,False,False,OwnsComputer_woe
HasCreditCard,No,16544,528,16016,0.031914893617021274,0.002108889148296179,False,False,HasCreditCard_woe
HasCreditCard,Yes,34503,1105,33398,0.03202620062023592,-0.001009757911178346,False,False,HasCreditCard_woe
NewCellphoneUser,No,41223,1313,39910,0.03185115105644907,0.004721091636795785,False,False,NewCellphoneUser_woe
NewCellphoneUser,Yes,9824,320,9504,0.03257328990228013,-0.01958465210485259,False,False,NewCellphoneUser_woe
NotNewCellphoneUser,No,44012,1415,42597,0.03215032263928019,-0.004910284852896101,False,False,NotNewCellphoneUser_woe
NotNewCellphoneUser,Yes,7035,218,6817,0.030987917555081734,0.0312390747937628,False,False,NotNewCellphoneUser_woe
OwnsMotorcycle,No,50368,1615,48753,0.032064008894536214,-0.0020905419342294117,False,False,OwnsMotorcycle_woe
OwnsMotorcycle,Yes,679,18,661,0.026509572901325478,0.16751622608039513,False,False,OwnsMotorcycle_woe
HandsetPrice,10,1928,55,1873,0.028526970954356846,0.11291169668258193,False,False,HandsetPrice_woe
HandsetPrice,100,1235,34,1201,0.027530364372469637,0.1440978303404381,False,False,HandsetPrice_woe
HandsetPrice,130,2105,73,2032,0.03467933491686461,-0.08653246559559667,False,False,HandsetPrice_woe
HandsetPrice,150,4115,126,3989,0.030619684082624544,0.0449099797819893,False,False,HandsetPrice_woe
HandsetPrice,200,1266,43,1223,0.0339652448657188,-0.06955895601068354,False,False,HandsetPrice_woe
HandsetPrice,30,7328,209,7119,0.028520742358078603,0.11960013706008546,False,False,HandsetPrice_woe
HandsetPrice,40,249,9,240,0.03614457831325301,-0.17484060985945066,False,False,HandsetPrice_woe
HandsetPrice,400,46,1,45,0.021739130434782608,0.005978317049968984,False,False,HandsetPrice_woe
HandsetPrice,60,1776,66,1710,0.037162162162162164,-0.1589298440429205,False,False,HandsetPrice_woe
HandsetPrice,80,1960,58,1902,0.02959183673469388,0.07562843469925846,False,False,HandsetPrice_woe
HandsetPrice,Unknown,28982,957,28025,0.033020495479953074,-0.02972453285916182,False,False,HandsetPrice_woe
HandsetPrice,__RARE__,57,2,55,0.03508771929824561,-0.30617661192053774,True,False,HandsetPrice_woe
MadeCallToRetentionTeam,No,49302,1585,47717,0.032148797209038175,-0.004824633464690739,False,False,MadeCallToRetentionTeam_woe
MadeCallToRetentionTeam,Yes,1745,48,1697,0.027507163323782235,0.14612503609907757,False,False,MadeCallToRetentionTeam_woe
CreditRating,1-Highest,8522,268,8254,0.031448016897441915,0.01791807370415443,False,False,CreditRating_woe
CreditRating,2-High,18993,626,18367,0.03295951139893645,-0.029555494356539855,False,False,CreditRating_woe
CreditRating,3-Good,8410,265,8145,0.03151010701545779,0.015861268309380908,False,False,CreditRating_woe
CreditRating,4-Medium,5357,177,5180,0.033040881090162406,-0.03405855073851347,False,False,CreditRating_woe
CreditRating,5-Low,6499,199,6300,0.0306200953992922,0.0448252404649803,False,False,CreditRating_woe
CreditRating,6-VeryLow,1152,31,1121,0.026909722222222224,0.16469001061382618,False,False,CreditRating_woe
CreditRating,7-Lowest,2114,67,2047,0.031693472090823085,0.004502420333890893,False,False,CreditRating_woe
PrizmCode,Other,24655,848,23807,0.034394646116406406,-0.07434560265046125,False,False,PrizmCode_woe
PrizmCode,Rural,2425,64,2361,0.02639175257731959,0.19175561149006362,False,False,PrizmCode_woe
PrizmCode,Suburban,16378,502,15876,0.030650873122481378,0.044368213508528875,False,False,PrizmCode_woe
PrizmCode,Town,7589,219,7370,0.028857556990380815,0.1052571389277256,False,False,PrizmCode_woe
Occupation,Clerical,986,22,964,0.02231237322515213,0.3506450912284218,False,False,Occupation_woe
Occupation,Crafts,1519,62,1457,0.04081632653061224,-0.25813807042469583,False,False,Occupation_woe
Occupation,Homemaker,157,3,154,0.01910828025477707,0.37998169593544473,False,False,Occupation_woe
Occupation,Other,37637,1181,36456,0.031378696495469885,0.02188551947920127,False,False,Occupation_woe
Occupation,Professional,8755,294,8461,0.033580810965162765,-0.049446693150488434,False,False,Occupation_woe
Occupation,Retired,733,24,709,0.03274215552523874,-0.041562052857571495,False,False,Occupation_woe
Occupation,Self,879,36,843,0.040955631399317405,-0.26720179050941034,False,False,Occupation_woe
Occupation,Student,381,11,370,0.028871391076115485,0.06505697745994969,False,False,Occupation_woe
MaritalStatus,No,12696,409,12287,0.032214870825456834,-0.007526331817636344,False,False,MaritalStatus_woe
MaritalStatus,Unknown,19700,640,19060,0.03248730964467005,-0.01580290450402436,False,False,MaritalStatus_woe
MaritalStatus,Yes,18651,584,18067,0.031311993994960055,0.02218604926507894,False,False,MaritalStatus_woe
